/converting_blog_to_org /posts/converting_blog_to_org 301
/converting_blog_to_org/ /posts/converting_blog_to_org 301
/converting_blog_to_org/index.html /posts/converting_blog_to_org 301
/how_this_blog_works /posts/how_this_blog_works 301
/how_this_blog_works/ /posts/how_this_blog_works 301
/how_this_blog_works/index.html /posts/how_this_blog_works 301
/vimwiki_and_nextcloud /posts/vimwiki_and_nextcloud 301
/vimwiki_and_nextcloud/ /posts/vimwiki_and_nextcloud 301
/vimwiki_and_nextcloud/index.html /posts/vimwiki_and_nextcloud 301
/first_month_with_fedora_silverblue /posts/first_month_with_fedora_silverblue 301
/first_month_with_fedora_silverblue/ /posts/first_month_with_fedora_silverblue 301
/first_month_with_fedora_silverblue/index.html /posts/first_month_with_fedora_silverblue 301
/nextcloud_to_do_automation /posts/nextcloud_to_do_automation 301
/nextcloud_to_do_automation/ /posts/nextcloud_to_do_automation 301
/nextcloud_to_do_automation/index.html /posts/nextcloud_to_do_automation 301
/suphan-buri /posts/suphan-buri 301
/suphan-buri/ /posts/suphan-buri 301
/suphan-buri/index.html /posts/suphan-buri 301
/traffic /posts/traffic 301
/traffic/ /posts/traffic 301
/traffic/index.html /posts/traffic 301
/gecko-on-window /posts/gecko-on-window 301
/gecko-on-window/ /posts/gecko-on-window 301
/gecko-on-window/index.html /posts/gecko-on-window 301
/cow /posts/cow 301
/cow/ /posts/cow 301
/cow/index.html /posts/cow 301
/frog /posts/frog 301
/frog/ /posts/frog 301
/frog/index.html /posts/frog 301
/ants /posts/ants 301
/ants/ /posts/ants 301
/ants/index.html /posts/ants 301
/hermit-crab /posts/hermit-crab 301
/hermit-crab/ /posts/hermit-crab 301
/hermit-crab/index.html /posts/hermit-crab 301
/bat-yam-at-night /posts/bat-yam-at-night 301
/bat-yam-at-night/ /posts/bat-yam-at-night 301
/bat-yam-at-night/index.html /posts/bat-yam-at-night 301
/jaffa /posts/jaffa 301
/jaffa/ /posts/jaffa 301
/jaffa/index.html /posts/jaffa 301
/minaret /posts/minaret 301
/minaret/ /posts/minaret 301
/minaret/index.html /posts/minaret 301
/pigeon-on-pillar /posts/pigeon-on-pillar 301
/pigeon-on-pillar/ /posts/pigeon-on-pillar 301
/pigeon-on-pillar/index.html /posts/pigeon-on-pillar 301
/pigeon-by-sea /posts/pigeon-by-sea 301
/pigeon-by-sea/ /posts/pigeon-by-sea 301
/pigeon-by-sea/index.html /posts/pigeon-by-sea 301
/bat-man /posts/bat-man 301
/bat-man/ /posts/bat-man 301
/bat-man/index.html /posts/bat-man 301
/paramotoring /posts/paramotoring 301
/paramotoring/ /posts/paramotoring 301
/paramotoring/index.html /posts/paramotoring 301
/bat-yam-beach /posts/bat-yam-beach 301
/bat-yam-beach/ /posts/bat-yam-beach 301
/bat-yam-beach/index.html /posts/bat-yam-beach 301
/acme /posts/acme 301
/acme/ /posts/acme 301
/acme/index.html /posts/acme 301
/grasshopper /posts/grasshopper 301
/grasshopper/ /posts/grasshopper 301
/grasshopper/index.html /posts/grasshopper 301
/morning-coffee /posts/morning-coffee 301
/morning-coffee/ /posts/morning-coffee 301
/morning-coffee/index.html /posts/morning-coffee 301
/road-trip /posts/road-trip 301
/road-trip/ /posts/road-trip 301
/road-trip/index.html /posts/road-trip 301
/strawberries /posts/strawberries 301
/strawberries/ /posts/strawberries 301
/strawberries/index.html /posts/strawberries 301
/turtle /posts/turtle 301
/turtle/ /posts/turtle 301
/turtle/index.html /posts/turtle 301
/cold-beach /posts/cold-beach 301
/cold-beach/ /posts/cold-beach 301
/cold-beach/index.html /posts/cold-beach 301
/spillt-coffee /posts/spillt-coffee 301
/spillt-coffee/ /posts/spillt-coffee 301
/spillt-coffee/index.html /posts/spillt-coffee 301
/street-map /posts/street-map 301
/street-map/ /posts/street-map 301
/street-map/index.html /posts/street-map 301
/rubber-band-ball /posts/rubber-band-ball 301
/rubber-band-ball/ /posts/rubber-band-ball 301
/rubber-band-ball/index.html /posts/rubber-band-ball 301
/valley /posts/valley 301
/valley/ /posts/valley 301
/valley/index.html /posts/valley 301
/water-fight /posts/water-fight 301
/water-fight/ /posts/water-fight 301
/water-fight/index.html /posts/water-fight 301
/cows /posts/cows 301
/cows/ /posts/cows 301
/cows/index.html /posts/cows 301
/crows /posts/crows 301
/crows/ /posts/crows 301
/crows/index.html /posts/crows 301
/bridge-at-night /posts/bridge-at-night 301
/bridge-at-night/ /posts/bridge-at-night 301
/bridge-at-night/index.html /posts/bridge-at-night 301
/playground /posts/playground 301
/playground/ /posts/playground 301
/playground/index.html /posts/playground 301
/windy-beach /posts/windy-beach 301
/windy-beach/ /posts/windy-beach 301
/windy-beach/index.html /posts/windy-beach 301
/football /posts/football 301
/football/ /posts/football 301
/football/index.html /posts/football 301
/gecko /posts/gecko 301
/gecko/ /posts/gecko 301
/gecko/index.html /posts/gecko 301
/swim /posts/swim 301
/swim/ /posts/swim 301
/swim/index.html /posts/swim 301
/greenery /posts/greenery 301
/greenery/ /posts/greenery 301
/greenery/index.html /posts/greenery 301
/muay-thai-night /posts/muay-thai-night 301
/muay-thai-night/ /posts/muay-thai-night 301
/muay-thai-night/index.html /posts/muay-thai-night 301
/fire-extinguisher /posts/fire-extinguisher 301
/fire-extinguisher/ /posts/fire-extinguisher 301
/fire-extinguisher/index.html /posts/fire-extinguisher 301
/loi-krathong /posts/loi-krathong 301
/loi-krathong/ /posts/loi-krathong 301
/loi-krathong/index.html /posts/loi-krathong 301
/toast /posts/toast 301
/toast/ /posts/toast 301
/toast/index.html /posts/toast 301
/lake /posts/lake 301
/lake/ /posts/lake 301
/lake/index.html /posts/lake 301
/fogged-up /posts/fogged-up 301
/fogged-up/ /posts/fogged-up 301
/fogged-up/index.html /posts/fogged-up 301
/china /posts/china 301
/china/ /posts/china 301
/china/index.html /posts/china 301
/peafowl /posts/peafowl 301
/peafowl/ /posts/peafowl 301
/peafowl/index.html /posts/peafowl 301
/grill /posts/grill 301
/grill/ /posts/grill 301
/grill/index.html /posts/grill 301
/seafood /posts/seafood 301
/seafood/ /posts/seafood 301
/seafood/index.html /posts/seafood 301
/rain /posts/rain 301
/rain/ /posts/rain 301
/rain/index.html /posts/rain 301
/elephants /posts/elephants 301
/elephants/ /posts/elephants 301
/elephants/index.html /posts/elephants 301
/dog-on-back-seat /posts/dog-on-back-seat 301
/dog-on-back-seat/ /posts/dog-on-back-seat 301
/dog-on-back-seat/index.html /posts/dog-on-back-seat 301
/singapore /posts/singapore 301
/singapore/ /posts/singapore 301
/singapore/index.html /posts/singapore 301
/racks /posts/racks 301
/racks/ /posts/racks 301
/racks/index.html /posts/racks 301
/open-mall /posts/open-mall 301
/open-mall/ /posts/open-mall 301
/open-mall/index.html /posts/open-mall 301
/van /posts/van 301
/van/ /posts/van 301
/van/index.html /posts/van 301
/sunbird /posts/sunbird 301
/sunbird/ /posts/sunbird 301
/sunbird/index.html /posts/sunbird 301
/soekarno-hatta /posts/soekarno-hatta 301
/soekarno-hatta/ /posts/soekarno-hatta 301
/soekarno-hatta/index.html /posts/soekarno-hatta 301
/jakarta /posts/jakarta 301
/jakarta/ /posts/jakarta 301
/jakarta/index.html /posts/jakarta 301
/corridor /posts/corridor 301
/corridor/ /posts/corridor 301
/corridor/index.html /posts/corridor 301
/semla /posts/semla 301
/semla/ /posts/semla 301
/semla/index.html /posts/semla 301
/pole /posts/pole 301
/pole/ /posts/pole 301
/pole/index.html /posts/pole 301
/yard /posts/yard 301
/yard/ /posts/yard 301
/yard/index.html /posts/yard 301
/mall /posts/mall 301
/mall/ /posts/mall 301
/mall/index.html /posts/mall 301
/coffee /posts/coffee 301
/coffee/ /posts/coffee 301
/coffee/index.html /posts/coffee 301
/that-look /posts/that-look 301
/that-look/ /posts/that-look 301
/that-look/index.html /posts/that-look 301
/family-portrait /posts/family-portrait 301
/family-portrait/ /posts/family-portrait 301
/family-portrait/index.html /posts/family-portrait 301
/attention /posts/attention 301
/attention/ /posts/attention 301
/attention/index.html /posts/attention 301
/open /posts/open 301
/open/ /posts/open 301
/open/index.html /posts/open 301
/horse-52375 /posts/horse-52375 301
/horse-52375/ /posts/horse-52375 301
/horse-52375/index.html /posts/horse-52375 301
/giant /posts/giant 301
/giant/ /posts/giant 301
/giant/index.html /posts/giant 301
/agonizing /posts/agonizing 301
/agonizing/ /posts/agonizing 301
/agonizing/index.html /posts/agonizing 301
/duet /posts/duet 301
/duet/ /posts/duet 301
/duet/index.html /posts/duet 301
/flautist-amputee /posts/flautist-amputee 301
/flautist-amputee/ /posts/flautist-amputee 301
/flautist-amputee/index.html /posts/flautist-amputee 301
/tied-together /posts/tied-together 301
/tied-together/ /posts/tied-together 301
/tied-together/index.html /posts/tied-together 301
/an-education /posts/an-education 301
/an-education/ /posts/an-education 301
/an-education/index.html /posts/an-education 301
/aerial /posts/aerial 301
/aerial/ /posts/aerial 301
/aerial/index.html /posts/aerial 301
/rebecka-rebecka-rebecka /posts/rebecka-rebecka-rebecka 301
/rebecka-rebecka-rebecka/ /posts/rebecka-rebecka-rebecka 301
/rebecka-rebecka-rebecka/index.html /posts/rebecka-rebecka-rebecka 301
/receiving-all-things-she-never-departs-from-her-own-nature /posts/receiving-all-things-she-never-departs-from-her-own-nature 301
/receiving-all-things-she-never-departs-from-her-own-nature/ /posts/receiving-all-things-she-never-departs-from-her-own-nature 301
/receiving-all-things-she-never-departs-from-her-own-nature/index.html /posts/receiving-all-things-she-never-departs-from-her-own-nature 301
/off-road /posts/off-road 301
/off-road/ /posts/off-road 301
/off-road/index.html /posts/off-road 301
/lost-and-found /posts/lost-and-found 301
/lost-and-found/ /posts/lost-and-found 301
/lost-and-found/index.html /posts/lost-and-found 301
/the-light-of-learning /posts/the-light-of-learning 301
/the-light-of-learning/ /posts/the-light-of-learning 301
/the-light-of-learning/index.html /posts/the-light-of-learning 301
/white-water-and-colourful-mist /posts/white-water-and-colourful-mist 301
/white-water-and-colourful-mist/ /posts/white-water-and-colourful-mist 301
/white-water-and-colourful-mist/index.html /posts/white-water-and-colourful-mist 301
/unknown-soldier /posts/unknown-soldier 301
/unknown-soldier/ /posts/unknown-soldier 301
/unknown-soldier/index.html /posts/unknown-soldier 301
/small-country-church /posts/small-country-church 301
/small-country-church/ /posts/small-country-church 301
/small-country-church/index.html /posts/small-country-church 301
/flowering-head /posts/flowering-head 301
/flowering-head/ /posts/flowering-head 301
/flowering-head/index.html /posts/flowering-head 301
/flocking /posts/flocking 301
/flocking/ /posts/flocking 301
/flocking/index.html /posts/flocking 301
/harvest /posts/harvest 301
/harvest/ /posts/harvest 301
/harvest/index.html /posts/harvest 301
/sales-pitch /posts/sales-pitch 301
/sales-pitch/ /posts/sales-pitch 301
/sales-pitch/index.html /posts/sales-pitch 301
/sheep-641 /posts/sheep-641 301
/sheep-641/ /posts/sheep-641 301
/sheep-641/index.html /posts/sheep-641 301
/arch /posts/arch 301
/arch/ /posts/arch 301
/arch/index.html /posts/arch 301
/in-the-pink /posts/in-the-pink 301
/in-the-pink/ /posts/in-the-pink 301
/in-the-pink/index.html /posts/in-the-pink 301
